"Date","Price","Open","High","Low","Vol.","Change %"
"30-03-2026","121.19","120.43","121.80","117.92","72.51M","3.11%"
"27-03-2026","117.53","118.34","118.86","116.52","58.87M","-1.48%"
"25-03-2026","119.29","118.37","119.88","118.37","65.24M","3.29%"
"24-03-2026","115.49","111.62","116.59","111.62","102.92M","4.31%"
"23-03-2026","110.72","116.64","117.00","107.13","227.28M","-8.54%"
"20-03-2026","121.06","122.67","122.67","120.05","68.51M","-0.21%"
"19-03-2026","121.32","125.88","125.88","120.73","101.17M","-5.15%"
"18-03-2026","127.91","127.88","128.07","127.11","27.96M","-0.24%"
"17-03-2026","128.22","127.82","129.08","127.82","28.32M","0.79%"
"16-03-2026","127.22","128.00","128.87","126.86","56.79M","-2.38%"
"13-03-2026","130.32","131.38","131.38","129.87","37.19M","-1.59%"
"12-03-2026","132.43","131.90","132.65","131.54","30.30M","-0.21%"
"11-03-2026","132.71","133.43","133.44","132.33","32.16M","0.39%"
"10-03-2026","132.20","131.51","132.78","131.51","37.24M","0.65%"
"09-03-2026","131.35","129.89","132.18","125.86","69.28M","0.41%"
"06-03-2026","130.82","132.31","132.31","130.61","45.37M","-1.07%"
"05-03-2026","132.24","136.00","137.30","131.25","65.01M","-1.28%"
"04-03-2026","133.96","134.40","135.30","104.72","104.09M","-3.15%"
"02-03-2026","138.32","140.10","142.00","135.23","177.84M","5.11%"
"27-02-2026","131.60","130.70","131.80","130.65","43.70M","0.86%"
"26-02-2026","130.48","132.69","133.79","130.00","40.84M","-0.92%"
"25-02-2026","131.69","131.10","132.00","130.64","44.91M","0.36%"
"24-02-2026","131.22","130.11","134.00","130.11","48.39M","0.94%"
"23-02-2026","130.00","130.72","132.00","129.30","56.31M","1.93%"
"20-02-2026","127.54","126.88","127.70","123.91","38.28M","0.35%"
"19-02-2026","127.09","126.11","128.00","126.11","66.72M","1.97%"
"18-02-2026","124.64","124.21","125.38","124.21","38.12M","0.05%"
"17-02-2026","124.58","126.00","126.19","123.39","56.08M","-1.84%"
"16-02-2026","126.92","127.08","127.08","125.82","47.51M","0.65%"
"13-02-2026","126.10","126.50","126.78","124.00","56.10M","-1.88%"
"12-02-2026","128.52","129.00","129.27","128.10","42.18M","-0.14%"
"11-02-2026","128.70","128.34","130.00","127.90","39.30M","0.28%"
"10-02-2026","128.34","127.98","128.44","127.68","48.44M","0.28%"
"09-02-2026","127.98","129.10","129.90","127.40","90.37M","2.35%"
"06-02-2026","125.04","123.89","125.58","121.55","95.41M","-0.14%"
"05-02-2026","125.22","125.88","126.19","121.61","128.19M","-3.38%"
"04-02-2026","129.60","128.25","132.00","128.10","159.22M","3.51%"
"03-02-2026","125.20","120.10","126.80","120.00","219.63M","5.50%"
"02-02-2026","118.67","121.99","122.00","112.10","279.79M","-2.98%"
"01-02-2026","122.31","120.35","124.88","115.66","253.58M","-6.72%"
"30-01-2026","131.12","138.70","142.80","127.10","352.20M","-10.52%"
"29-01-2026","146.53","143.00","148.14","141.64","271.82M","7.89%"
"28-01-2026","135.82","132.00","137.10","132.00","184.19M","3.32%"
"27-01-2026","131.45","130.55","134.00","129.03","139.66M","3.16%"
"23-01-2026","127.42","129.10","132.48","126.00","141.94M","2.48%"
"22-01-2026","124.34","131.44","131.84","119.00","233.05M","-7.88%"
"21-01-2026","134.97","127.00","135.90","127.00","248.76M","7.24%"
"20-01-2026","125.86","121.99","126.90","120.20","171.44M","3.93%"
"19-01-2026","121.10","119.15","122.90","118.56","91.48M","2.82%"
"16-01-2026","117.78","117.79","118.40","117.04","65.36M","-0.19%"
"14-01-2026","118.01","117.83","118.49","116.36","77.32M","1.41%"
"13-01-2026","116.37","116.98","117.14","116.00","59.66M","-0.33%"
"12-01-2026","116.76","115.70","117.00","114.81","70.99M","2.77%"
"09-01-2026","113.61","113.26","113.88","112.61","39.28M","1.18%"
"08-01-2026","112.29","112.73","112.96","111.42","37.52M","-0.55%"
"07-01-2026","112.91","113.51","113.99","112.46","39.01M","-0.20%"
"06-01-2026","113.14","113.62","113.71","113.01","45.69M","0.19%"
"05-01-2026","112.92","112.16","113.20","111.84","50.85M","0.98%"
"02-01-2026","111.82","111.62","111.98","110.92","37.64M","1.18%"
"01-01-2026","110.52","110.35","110.65","109.70","24.31M","0.37%"
"31-12-2025","110.11","111.17","111.48","109.75","40.04M","-0.95%"
"30-12-2025","111.17","111.78","117.00","110.10","55.36M","-1.65%"
"29-12-2025","113.03","115.44","115.45","112.00","73.39M","-1.12%"
"26-12-2025","114.31","113.37","114.48","113.37","46.01M","0.97%"
"24-12-2025","113.21","113.49","115.00","112.99","47.65M","0.10%"
"23-12-2025","113.10","112.52","113.74","112.52","45.89M","1.54%"
"22-12-2025","111.39","110.70","111.55","110.34","66.93M","1.43%"
"19-12-2025","109.82","109.79","110.09","109.32","25.35M","-0.05%"
"18-12-2025","109.88","110.05","110.58","109.77","26.80M","-0.10%"
"17-12-2025","109.99","110.13","111.77","109.46","48.57M","0.39%"
"16-12-2025","109.56","109.46","110.05","109.20","36.34M","-1.25%"
"15-12-2025","110.95","110.45","111.09","109.72","44.28M","1.22%"
"12-12-2025","109.61","108.20","109.98","108.20","42.81M","2.30%"
"11-12-2025","107.15","106.86","107.28","106.37","20.25M","0.87%"
"10-12-2025","106.23","106.85","106.85","106.10","21.09M","-0.05%"
"09-12-2025","106.28","106.76","106.76","105.50","22.84M","-0.53%"
"08-12-2025","106.85","106.77","106.96","106.11","26.11M","-0.04%"
"05-12-2025","106.89","106.27","107.02","105.82","22.86M","0.92%"
"04-12-2025","105.92","106.67","106.96","105.70","27.12M","-0.55%"
"03-12-2025","106.51","106.25","106.70","106.24","25.81M","0.83%"
"02-12-2025","105.63","106.65","106.65","105.39","26.34M","-1.02%"
"01-12-2025","106.72","106.09","106.80","105.77","32.94M","2.01%"
"28-11-2025","104.62","104.60","104.98","104.31","18.63M","0.49%"
"27-11-2025","104.11","104.10","104.40","103.84","19.40M","-0.07%"
"26-11-2025","104.18","103.91","104.35","103.91","23.02M","0.70%"
"25-11-2025","103.46","103.22","104.00","103.10","24.99M","1.20%"
"24-11-2025","102.23","101.99","102.34","101.55","24.13M","0.23%"
"21-11-2025","102.00","101.65","102.29","100.61","23.46M","0.44%"
"20-11-2025","101.55","101.50","102.07","101.02","20.60M","-0.67%"
"19-11-2025","102.23","101.25","102.60","101.25","22.24M","1.31%"
"18-11-2025","100.91","100.87","101.12","100.01","35.66M","-1.01%"
"17-11-2025","101.94","103.36","103.36","101.00","27.82M","-1.80%"
"14-11-2025","103.81","105.12","105.12","103.56","28.53M","-1.48%"
"13-11-2025","105.37","104.16","105.46","104.16","33.21M","2.61%"
"12-11-2025","102.69","102.98","102.98","102.15","29.60M","-0.58%"
"11-11-2025","103.29","102.83","103.72","102.80","33.80M","1.56%"
"10-11-2025","101.70","101.19","101.85","100.46","30.58M","1.76%"
"07-11-2025","99.94","99.98","100.07","99.33","18.10M","-0.13%"
"06-11-2025","100.07","99.13","100.20","99.13","20.33M","0.27%"
"04-11-2025","99.80","99.83","99.98","99.03","24.92M","-0.25%"
"03-11-2025","100.05","100.02","100.70","99.72","23.32M","0.03%"
"31-10-2025","100.02","99.76","100.50","99.42","27.80M","0.34%"
"30-10-2025","99.68","99.26","100.10","97.30","42.61M","-0.27%"
"29-10-2025","99.95","98.00","100.14","98.00","42.88M","3.21%"
"28-10-2025","96.84","99.98","99.98","96.60","70.69M","-3.30%"
"27-10-2025","100.14","100.75","101.21","99.83","57.20M","-0.28%"
"24-10-2025","100.42","101.12","102.24","100.00","45.38M","-1.26%"
"23-10-2025","101.70","105.20","105.20","95.55","93.78M","-3.78%"
"21-10-2025","105.69","108.21","108.21","104.09","21.80M","0.52%"
"20-10-2025","105.14","106.90","106.90","103.90","116.06M","-2.75%"
"17-10-2025","108.11","105.73","108.69","105.73","62.62M","2.60%"
"16-10-2025","105.37","105.35","106.20","104.76","56.57M","0.08%"
"15-10-2025","105.29","105.20","106.23","104.91","76.14M","0.19%"
"14-10-2025","105.09","105.73","105.75","103.30","85.46M","2.38%"
"13-10-2025","102.65","102.60","102.75","101.60","50.59M","1.97%"
"10-10-2025","100.67","100.00","101.00","99.03","50.04M","-0.79%"
"09-10-2025","101.47","102.60","102.60","100.39","57.01M","-0.22%"
"08-10-2025","101.69","100.10","101.94","99.70","57.36M","2.04%"
"07-10-2025","99.66","99.22","100.18","99.05","53.31M","0.44%"
"06-10-2025","99.22","98.20","99.80","97.35","57.33M","2.21%"
"03-10-2025","97.07","96.88","97.49","96.51","44.92M","-0.57%"
"01-10-2025","97.63","97.60","97.79","95.85","35.43M","1.86%"
"30-09-2025","95.85","97.74","97.74","95.32","51.69M","-0.05%"
"29-09-2025","95.90","94.80","95.96","94.34","34.62M","1.78%"
"26-09-2025","94.22","93.39","96.20","93.39","30.12M","-0.22%"
"25-09-2025","94.43","97.00","97.00","93.47","31.94M","-0.22%"
"24-09-2025","94.64","95.90","97.50","94.51","35.83M","-0.52%"
"23-09-2025","95.13","94.13","95.38","93.00","36.91M","2.14%"
"22-09-2025","93.14","92.00","93.21","91.43","29.19M","2.03%"
"19-09-2025","91.29","92.80","92.80","91.01","14.94M","-0.34%"
"18-09-2025","91.60","92.30","92.30","90.45","23.02M","0.38%"
"17-09-2025","91.25","91.90","91.98","90.96","29.42M","-1.11%"
"16-09-2025","92.27","92.62","92.62","91.03","22.76M","1.48%"
"15-09-2025","90.92","93.00","93.00","90.80","21.82M","-0.37%"
"12-09-2025","91.26","91.60","91.60","91.00","21.00M","0.71%"
"11-09-2025","90.62","90.00","90.90","89.92","19.83M","-0.31%"
"10-09-2025","90.90","91.80","92.40","90.51","29.13M","-0.30%"
"09-09-2025","91.17","90.16","92.90","90.16","36.09M","1.32%"
"08-09-2025","89.98","89.29","90.08","88.65","25.74M","1.50%"
"05-09-2025","88.65","88.16","89.89","87.15","17.85M","0.56%"
"04-09-2025","88.16","88.90","88.90","87.54","19.47M","0.32%"
"03-09-2025","87.88","87.48","88.00","87.22","18.82M","1.47%"
"02-09-2025","86.61","87.40","87.40","84.44","20.99M","0.00%"
"01-09-2025","86.61","86.76","87.27","86.45","37.75M","1.49%"
"29-08-2025","85.34","84.42","85.50","83.42","17.61M","1.09%"
"28-08-2025","84.42","84.20","84.46","83.63","13.98M","0.70%"
"26-08-2025","83.83","86.01","86.01","83.10","11.78M","0.40%"
"25-08-2025","83.50","83.93","83.93","83.00","11.01M","1.07%"
"22-08-2025","82.62","83.20","84.00","82.30","11.21M","0.08%"
"21-08-2025","82.55","80.02","84.15","80.02","9.35M","0.57%"
"20-08-2025","82.08","84.78","84.78","81.82","11.63M","-0.28%"
"19-08-2025","82.31","83.25","83.25","82.27","10.26M","-0.53%"
"18-08-2025","82.75","83.50","84.18","82.35","13.54M","-0.47%"
"14-08-2025","83.14","84.40","84.40","82.65","10.25M","-0.06%"
"13-08-2025","83.19","82.00","83.40","82.00","9.12M","0.25%"
"12-08-2025","82.98","84.00","84.00","82.50","11.16M","-0.30%"
"11-08-2025","83.23","83.84","83.84","83.07","15.16M","-1.34%"
"08-08-2025","84.36","84.50","84.63","84.05","15.31M","0.50%"
"07-08-2025","83.94","84.60","84.60","80.50","13.11M","0.60%"
"06-08-2025","83.44","84.20","84.20","83.36","10.88M","-0.20%"
"05-08-2025","83.61","82.56","84.20","82.46","14.40M","0.46%"
"04-08-2025","83.23","83.99","83.99","82.71","13.19M","1.56%"
"01-08-2025","81.95","84.67","84.67","81.05","21.88M","-0.30%"
"31-07-2025","82.20","82.18","82.40","80.00","12.48M","-0.23%"
"30-07-2025","82.39","82.58","82.58","82.05","12.81M","0.59%"
"29-07-2025","81.91","84.49","84.49","81.24","11.35M","-0.15%"
"28-07-2025","82.03","83.89","83.89","81.71","12.69M","-0.09%"
"25-07-2025","82.10","82.60","82.60","81.92","14.94M","-0.24%"
"24-07-2025","82.30","84.70","84.70","81.50","13.66M","-1.73%"
"23-07-2025","83.75","83.77","83.85","83.19","19.50M","1.18%"
"22-07-2025","82.77","84.59","84.59","79.67","12.02M","0.78%"
"21-07-2025","82.13","84.18","84.18","80.50","11.33M","0.49%"
"18-07-2025","81.73","82.57","82.57","79.90","7.57M","0.70%"
"17-07-2025","81.16","83.79","83.79","80.50","6.18M","-0.23%"
"16-07-2025","81.35","81.32","81.40","81.05","6.75M","-0.39%"
"15-07-2025","81.67","83.20","83.20","79.90","8.36M","-0.26%"
"14-07-2025","81.88","82.50","82.65","81.54","11.70M","0.90%"
"11-07-2025","81.15","80.90","81.25","79.95","11.41M","0.55%"
"10-07-2025","80.71","80.33","80.82","80.33","8.23M","0.85%"
"09-07-2025","80.03","83.20","84.78","79.00","11.19M","-0.93%"
"08-07-2025","80.78","81.54","81.54","80.55","5.82M","0.31%"
"07-07-2025","80.53","80.90","81.21","80.10","10.21M","-0.45%"
"04-07-2025","80.89","81.45","81.56","80.70","17.71M","-0.15%"
"03-07-2025","81.01","81.38","81.49","80.93","9.72M","-0.12%"
"02-07-2025","81.11","81.17","81.21","80.30","9.54M","0.07%"
"01-07-2025","81.05","80.95","81.10","80.40","11.30M","1.33%"
"30-06-2025","79.99","82.20","82.20","79.54","19.07M","0.23%"
"27-06-2025","79.81","80.55","80.55","79.74","22.82M","-1.61%"
"26-06-2025","81.12","81.39","81.39","80.97","8.18M","0.01%"
"25-06-2025","81.11","80.50","81.29","80.33","17.51M","0.16%"
"24-06-2025","80.98","81.39","82.28","80.90","24.23M","-2.03%"
"23-06-2025","82.66","83.33","83.33","82.03","15.18M","0.52%"
"20-06-2025","82.23","82.00","83.70","82.00","15.09M","-0.68%"
"19-06-2025","82.79","82.50","85.00","82.14","15.70M","0.00%"
"18-06-2025","82.79","84.30","84.30","81.79","12.09M","0.28%"
"17-06-2025","82.56","84.20","84.20","82.20","12.60M","-0.64%"
"16-06-2025","83.09","84.20","84.20","82.90","18.78M","-0.05%"
"13-06-2025","83.13","83.83","83.83","82.20","27.04M","2.14%"
"12-06-2025","81.39","82.38","82.38","80.78","18.07M","0.78%"
"11-06-2025","80.76","82.40","82.40","80.32","8.05M","0.19%"
"10-06-2025","80.61","80.38","80.70","79.90","11.93M","0.16%"
"09-06-2025","80.48","80.82","80.89","79.90","15.15M","-0.92%"
"06-06-2025","81.23","81.95","81.95","79.90","12.14M","-0.61%"
"05-06-2025","81.73","83.75","83.75","80.87","14.13M","0.52%"
"04-06-2025","81.31","81.77","82.47","80.97","15.17M","0.42%"
"03-06-2025","80.97","82.50","82.50","80.63","13.06M","0.56%"
"02-06-2025","80.52","80.90","80.90","79.42","13.51M","1.30%"
"30-05-2025","79.49","79.99","79.99","78.63","7.16M","0.49%"
"29-05-2025","79.10","79.74","79.74","78.98","13.43M","-1.20%"
"28-05-2025","80.06","81.95","81.95","79.50","7.54M","0.63%"
"27-05-2025","79.56","80.52","80.52","77.38","10.77M","-0.26%"
"26-05-2025","79.77","79.51","80.55","79.50","9.38M","0.33%"
"23-05-2025","79.51","79.97","79.97","79.43","37.14M","-0.38%"
"22-05-2025","79.81","80.42","80.42","79.72","22.19M","0.39%"
"21-05-2025","79.50","80.17","80.17","79.28","39.20M","1.68%"
"20-05-2025","78.19","77.97","78.30","77.63","14.84M","-0.17%"
"19-05-2025","78.32","78.42","78.49","77.80","13.04M","0.69%"
"16-05-2025","77.78","79.35","79.35","77.33","16.35M","0.96%"
"15-05-2025","77.04","77.14","77.28","76.36","33.03M","-1.96%"
"14-05-2025","78.58","78.68","78.74","78.22","14.22M","-0.62%"
"13-05-2025","79.07","78.03","79.88","78.03","15.31M","1.40%"
"12-05-2025","77.98","79.38","79.46","77.80","32.65M","-3.49%"
"09-05-2025","80.80","80.48","81.15","80.02","17.15M","-0.17%"
"08-05-2025","80.94","81.92","81.95","79.82","22.06M","-0.42%"
"07-05-2025","81.28","83.00","83.33","81.12","20.42M","-1.03%"
"06-05-2025","82.13","81.40","82.95","80.62","21.86M","3.20%"
"05-05-2025","79.58","78.95","79.83","78.22","15.89M","0.85%"
"02-05-2025","78.91","78.70","79.09","77.36","22.02M","-0.23%"
"30-04-2025","79.09","79.99","80.20","78.88","21.59M","-1.19%"
"29-04-2025","80.04","81.20","81.20","79.71","21.95M","1.25%"
"28-04-2025","79.05","80.80","80.80","79.01","22.37M","-1.22%"
"25-04-2025","80.03","80.82","81.63","79.81","19.34M","-0.60%"
"24-04-2025","80.51","80.39","80.74","80.11","15.88M","0.15%"
"23-04-2025","80.39","81.48","81.49","79.71","38.57M","-3.03%"
"22-04-2025","82.90","82.52","83.56","82.52","30.53M","2.26%"
"21-04-2025","81.07","80.85","81.18","79.40","26.06M","1.94%"
"17-04-2025","79.53","80.25","80.28","79.31","22.32M","0.38%"
"16-04-2025","79.23","78.40","79.30","78.40","17.44M","2.02%"
"15-04-2025","77.66","78.50","78.50","77.60","22.71M","-0.31%"
"11-04-2025","77.90","76.06","78.71","76.06","41.88M","4.02%"
"09-04-2025","74.89","73.99","75.06","73.53","16.06M","1.64%"
"08-04-2025","73.68","76.05","76.05","72.30","15.92M","-0.20%"
"07-04-2025","73.83","74.60","75.15","65.85","62.55M","-1.55%"
"04-04-2025","74.99","75.86","76.88","74.56","22.61M","-1.13%"
"03-04-2025","75.85","78.50","80.00","75.71","28.34M","-0.50%"
"02-04-2025","76.23","77.48","77.48","75.73","36.08M","-0.64%"
"01-04-2025","76.72","75.84","77.05","75.12","40.72M","3.45%"
"28-03-2025","74.16","73.64","74.80","73.63","28.47M","0.49%"
"27-03-2025","73.80","73.97","73.98","73.23","10.63M","0.75%"
"26-03-2025","73.25","73.48","73.64","72.82","11.98M","0.03%"
"25-03-2025","73.23","73.35","73.35","72.69","16.52M","0.32%"
"24-03-2025","73.00","74.18","74.18","72.56","63.88M","-1.28%"
"21-03-2025","73.95","74.78","74.78","73.80","18.59M","-0.72%"
"20-03-2025","74.49","73.59","75.18","72.00","8.44M","0.32%"
"19-03-2025","74.25","74.78","74.78","74.10","17.35M","0.16%"
"18-03-2025","74.13","74.50","74.50","73.62","13.20M","0.82%"
"17-03-2025","73.53","73.88","73.88","73.24","12.76M","0.98%"
"13-03-2025","72.82","72.62","72.97","72.61","9.10M","0.69%"
"12-03-2025","72.32","72.06","72.67","72.06","5.42M","0.33%"
"11-03-2025","72.08","72.17","72.47","71.71","6.12M","-0.12%"
"10-03-2025","72.17","71.99","72.49","71.92","7.89M","-0.06%"
"07-03-2025","72.21","72.57","72.57","71.83","10.71M","0.45%"
"06-03-2025","71.89","72.85","72.85","71.78","10.74M","-0.53%"
"05-03-2025","72.27","72.58","72.58","72.12","11.55M","-0.21%"
"04-03-2025","72.42","72.47","72.49","71.52","11.32M","1.49%"
"03-03-2025","71.36","71.60","71.60","70.66","11.45M","0.37%"
"28-02-2025","71.10","71.64","71.64","70.53","31.52M","-1.09%"
"27-02-2025","71.88","72.68","72.68","71.51","27.17M","-1.20%"
"25-02-2025","72.75","73.18","73.18","72.37","13.14M","0.21%"
"24-02-2025","72.60","72.88","72.88","72.12","14.41M","0.72%"
"21-02-2025","72.08","72.68","72.68","71.75","11.84M","-0.57%"
"20-02-2025","72.49","73.18","73.18","72.35","12.55M","-0.33%"
"19-02-2025","72.73","72.88","72.88","72.03","11.83M","1.04%"
"18-02-2025","71.98","72.00","72.14","71.64","20.26M","0.46%"
"17-02-2025","71.65","71.68","71.70","70.93","14.98M","-0.79%"
"14-02-2025","72.22","71.86","72.35","71.62","10.51M","0.49%"
"13-02-2025","71.87","72.58","72.58","71.68","13.21M","0.56%"
"12-02-2025","71.47","71.97","71.97","71.01","17.81M","-0.71%"
"11-02-2025","71.98","73.45","73.45","71.80","26.89M","-0.74%"
"10-02-2025","72.52","73.70","73.70","71.00","31.55M","1.37%"
"07-02-2025","71.54","73.55","73.55","71.20","22.37M","0.15%"
"06-02-2025","71.43","71.72","71.93","70.91","30.06M","-0.20%"
"05-02-2025","71.57","72.20","72.20","70.28","25.72M","2.13%"
"04-02-2025","70.08","71.75","71.75","69.70","15.16M","0.63%"
"03-02-2025","69.64","70.00","70.00","68.47","13.68M","1.00%"
"01-02-2025","68.95","70.00","70.00","68.40","15.76M","-0.19%"
"31-01-2025","69.08","68.62","70.00","68.62","15.64M","1.45%"
"30-01-2025","68.09","68.22","68.22","67.72","11.53M","0.34%"
"29-01-2025","67.86","68.29","68.29","67.80","7.05M","0.41%"
"28-01-2025","67.58","67.69","67.69","67.37","14.63M","-0.16%"
"27-01-2025","67.69","68.39","68.39","67.40","16.53M","-0.12%"
"24-01-2025","67.77","67.62","68.12","67.62","14.87M","0.50%"
"23-01-2025","67.43","67.66","67.90","67.33","9.48M","-0.28%"
"22-01-2025","67.62","67.25","67.69","67.06","11.58M","1.00%"
"21-01-2025","66.95","68.60","68.60","66.35","7.59M","0.54%"
"20-01-2025","66.59","66.60","67.29","66.47","7.92M","-0.11%"
"17-01-2025","66.66","66.65","66.87","66.61","9.52M","0.11%"
"16-01-2025","66.59","66.32","66.80","66.30","12.11M","0.50%"
"15-01-2025","66.26","68.00","68.00","65.88","7.11M","0.33%"
"14-01-2025","66.04","66.28","66.28","65.70","15.91M","-0.32%"
"13-01-2025","66.25","65.71","67.94","65.71","31.22M","0.49%"
"10-01-2025","65.93","65.89","66.09","64.98","12.77M","0.81%"
"09-01-2025","65.40","66.12","66.12","65.21","8.57M","0.43%"
"08-01-2025","65.12","66.70","66.70","64.80","7.08M","0.54%"
"07-01-2025","64.77","66.55","66.55","64.62","10.75M","0.25%"
"06-01-2025","64.61","65.07","65.63","64.34","9.12M","-0.71%"
"03-01-2025","65.07","65.29","65.74","64.93","9.22M","0.73%"
"02-01-2025","64.60","66.30","66.30","64.35","7.66M","0.39%"
"01-01-2025","64.35","65.09","65.09","64.02","9.54M","0.41%"
"31-12-2024","64.09","63.63","64.12","63.63","8.80M","0.14%"
"30-12-2024","64.00","64.54","65.00","63.91","5.11M","-0.33%"
"27-12-2024","64.21","65.90","65.90","64.05","5.65M","0.33%"
"26-12-2024","64.00","64.14","64.20","63.82","3.93M","0.50%"
"24-12-2024","63.68","62.80","64.74","62.80","4.18M","-0.45%"
"23-12-2024","63.97","64.32","66.69","63.61","5.68M","1.03%"
"20-12-2024","63.32","63.05","63.63","63.05","6.38M","-0.72%"
"19-12-2024","63.78","63.78","63.83","63.35","10.20M","-0.93%"
"18-12-2024","64.38","66.00","66.00","63.91","4.90M","0.44%"
"17-12-2024","64.10","66.40","66.40","64.02","6.35M","-0.59%"
"16-12-2024","64.48","64.55","64.55","64.14","6.51M","-0.20%"
"13-12-2024","64.61","66.70","66.70","64.33","9.89M","-1.34%"
"12-12-2024","65.49","65.48","65.64","65.14","8.91M","0.69%"
"11-12-2024","65.04","64.91","66.17","64.91","12.99M","0.57%"
"10-12-2024","64.67","65.14","66.70","64.57","9.97M","0.59%"
"09-12-2024","64.29","64.55","64.55","63.81","8.77M","0.47%"
"06-12-2024","63.99","63.95","64.05","63.67","6.71M","-0.11%"
"05-12-2024","64.06","64.75","64.75","64.00","9.22M","0.08%"
"04-12-2024","64.01","64.38","64.38","63.81","7.14M","-0.08%"
"03-12-2024","64.06","64.80","64.80","63.82","6.88M","0.47%"
"02-12-2024","63.76","64.08","64.08","63.17","11.57M","-0.82%"
"29-11-2024","64.29","64.17","64.48","62.80","6.94M","0.39%"
"28-11-2024","64.04","63.86","64.11","63.32","6.34M","0.13%"
"27-11-2024","63.96","64.88","64.88","63.45","12.66M","0.90%"
"26-11-2024","63.39","63.85","63.85","62.99","14.36M","-1.54%"
"25-11-2024","64.38","64.98","64.98","64.10","13.43M","-1.45%"
"22-11-2024","65.33","66.50","66.50","64.61","12.56M","1.18%"
"21-11-2024","64.57","64.85","64.85","63.88","12.06M","1.33%"
"19-11-2024","63.72","64.70","64.70","63.21","11.16M","1.30%"
"18-11-2024","62.90","62.75","63.00","62.42","12.49M","1.80%"
"14-11-2024","61.79","62.48","62.49","61.67","16.06M","-2.31%"
"13-11-2024","63.25","63.39","63.40","62.85","9.28M","0.65%"
"12-11-2024","62.84","63.74","63.75","62.78","17.38M","-2.56%"
"11-11-2024","64.49","64.73","64.75","64.36","8.38M","-0.78%"
"08-11-2024","65.00","64.53","65.49","64.53","13.57M","1.04%"
"07-11-2024","64.33","64.90","64.90","64.01","21.29M","-1.92%"
"06-11-2024","65.59","66.50","66.63","65.01","15.00M","-0.53%"
"05-11-2024","65.94","66.12","66.14","65.63","14.65M","-0.12%"
"04-11-2024","66.02","66.90","66.90","65.79","14.82M","-0.90%"
"01-11-2024","66.62","66.90","66.92","64.90","10.74M","-0.45%"
"31-10-2024","66.92","67.58","67.58","66.81","14.36M","-0.15%"
"30-10-2024","67.02","67.00","67.38","66.60","15.44M","1.09%"
"29-10-2024","66.30","66.25","66.63","66.05","17.93M","0.79%"
"28-10-2024","65.78","65.90","65.95","65.56","13.64M","0.50%"
"25-10-2024","65.45","66.13","66.13","65.39","11.75M","-0.46%"
"24-10-2024","65.75","65.87","65.88","65.38","13.33M","-0.62%"
"23-10-2024","66.16","66.28","66.28","65.90","14.86M","0.65%"
"22-10-2024","65.73","67.40","67.40","65.60","11.42M","-0.09%"
"21-10-2024","65.79","65.99","66.28","65.51","15.56M","0.94%"
"18-10-2024","65.18","65.30","65.60","64.86","10.81M","1.15%"
"17-10-2024","64.44","64.50","64.86","64.22","7.01M","0.00%"
"16-10-2024","64.44","64.34","64.64","63.91","7.81M","0.91%"
"15-10-2024","63.86","64.11","64.12","63.52","7.12M","-0.19%"
"14-10-2024","63.98","63.62","64.28","63.62","10.38M","0.69%"
"11-10-2024","63.54","64.90","64.90","63.11","6.00M","0.84%"
"10-10-2024","63.01","63.34","63.34","62.60","9.39M","-0.02%"
"09-10-2024","63.02","63.41","63.41","62.47","10.06M","-0.68%"
"08-10-2024","63.45","64.00","64.00","63.05","10.83M","-0.56%"
"07-10-2024","63.81","64.50","64.50","63.50","13.00M","-0.28%"
"04-10-2024","63.99","63.58","64.38","63.58","15.73M","0.47%"
"03-10-2024","63.69","65.30","65.30","63.10","18.38M","0.16%"
"01-10-2024","63.59","65.45","65.45","63.14","12.06M","0.06%"
"30-09-2024","63.55","65.40","65.40","63.01","9.66M","0.11%"
"27-09-2024","63.48","64.00","64.09","63.43","11.65M","-0.45%"
"26-09-2024","63.77","63.87","63.88","63.51","9.34M","0.17%"
"25-09-2024","63.66","63.43","63.87","63.42","16.22M","1.06%"
"24-09-2024","62.99","63.00","63.14","62.86","9.66M","0.29%"
"23-09-2024","62.81","63.60","63.60","62.56","12.23M","0.61%"
"20-09-2024","62.43","62.40","62.50","62.02","10.19M","0.39%"
"19-09-2024","62.19","61.68","62.23","61.11","13.00M","0.83%"
"18-09-2024","61.68","61.94","61.94","61.60","5.26M","-0.15%"
"17-09-2024","61.77","63.00","63.00","61.72","9.01M","-0.45%"
"16-09-2024","62.05","62.24","62.24","61.82","8.07M","0.67%"
"13-09-2024","61.64","61.84","61.84","61.24","13.93M","1.70%"
"12-09-2024","60.61","60.50","60.80","60.50","5.53M","-0.16%"
"11-09-2024","60.71","60.42","60.85","60.42","6.64M","0.58%"
"10-09-2024","60.36","60.50","60.75","60.12","5.44M","0.33%"
"09-09-2024","60.16","60.64","60.64","59.81","8.83M","-0.82%"
"06-09-2024","60.66","61.17","61.17","60.49","10.69M","0.18%"
"05-09-2024","60.55","60.00","60.57","60.00","5.06M","1.20%"
"04-09-2024","59.83","60.28","60.30","59.66","12.55M","-0.88%"
"03-09-2024","60.36","60.37","60.39","60.05","6.17M","0.18%"
"02-09-2024","60.25","60.48","60.48","59.96","11.03M","-0.68%"
"30-08-2024","60.66","60.65","60.72","60.34","6.13M","0.15%"
"29-08-2024","60.57","60.69","60.69","60.42","5.40M","0.03%"
"28-08-2024","60.55","60.78","60.78","60.40","6.94M","0.00%"
"27-08-2024","60.55","60.70","60.76","60.30","16.24M","-0.46%"
"26-08-2024","60.83","60.50","60.86","60.31","10.56M","0.96%"
"23-08-2024","60.25","60.30","60.30","59.91","8.99M","-0.33%"
"22-08-2024","60.45","60.50","60.50","60.21","6.32M","0.12%"
"21-08-2024","60.38","60.91","60.91","60.30","10.23M","-0.48%"
"20-08-2024","60.67","60.59","60.72","60.10","10.73M","0.55%"
"19-08-2024","60.34","60.00","60.40","59.91","12.57M","1.46%"
"16-08-2024","59.47","59.38","59.53","59.11","9.80M","-0.23%"
"14-08-2024","59.61","59.49","59.70","59.26","8.63M","0.35%"
"13-08-2024","59.40","59.30","59.69","59.08","10.87M","0.64%"
"12-08-2024","59.02","58.91","59.11","58.63","13.62M","0.61%"
"09-08-2024","58.66","58.50","59.41","58.32","9.69M","0.98%"
"08-08-2024","58.09","58.41","58.41","57.91","14.46M","-0.19%"
"07-08-2024","58.20","58.58","58.70","57.95","26.47M","-0.72%"
"06-08-2024","58.62","58.98","58.99","58.11","21.33M","-0.20%"
"05-08-2024","58.74","59.74","59.99","58.57","28.74M","-1.56%"
"02-08-2024","59.67","59.30","59.90","59.23","14.41M","0.98%"
"01-08-2024","59.09","58.82","59.26","58.81","15.32M","0.70%"
"31-07-2024","58.68","60.10","60.10","58.21","13.11M","0.57%"
"30-07-2024","58.35","59.49","59.49","57.85","23.19M","-0.73%"
"29-07-2024","58.78","60.50","61.35","58.65","37.55M","-2.02%"
"26-07-2024","59.99","60.85","60.85","59.07","14.64M","1.04%"
"25-07-2024","59.37","59.87","60.01","59.00","12.97M","-0.39%"
"24-07-2024","59.60","60.50","61.47","58.92","22.11M","-0.93%"
"23-07-2024","60.16","62.18","62.18","60.00","26.87M","-3.09%"
"22-07-2024","62.08","63.80","63.80","61.78","7.64M","-0.53%"
"19-07-2024","62.41","62.45","62.60","62.00","7.63M","-0.79%"
"18-07-2024","62.91","62.50","63.28","62.50","8.18M","0.75%"
"16-07-2024","62.44","62.30","62.49","62.01","6.02M","0.84%"
"15-07-2024","61.92","62.18","62.19","61.81","7.08M","0.05%"
"12-07-2024","61.89","62.00","62.19","61.85","4.96M","0.34%"
"11-07-2024","61.68","61.64","61.89","61.51","4.77M","0.23%"
"10-07-2024","61.54","61.68","61.68","61.32","4.48M","0.26%"
"09-07-2024","61.38","61.59","61.60","61.21","4.93M","-0.31%"
"08-07-2024","61.57","62.90","62.90","61.48","7.02M","0.15%"
"05-07-2024","61.48","61.59","61.59","61.11","7.78M","0.31%"
"04-07-2024","61.29","61.59","61.59","61.18","5.67M","0.36%"
"03-07-2024","61.07","60.99","61.21","60.71","5.30M","0.58%"
"02-07-2024","60.72","60.75","60.85","60.33","9.86M","0.28%"
"01-07-2024","60.55","61.80","61.80","60.41","6.31M","-0.13%"
"28-06-2024","60.63","60.52","60.84","60.35","4.17M","0.51%"
"27-06-2024","60.32","60.22","60.41","59.90","7.87M","-0.23%"
"26-06-2024","60.46","60.74","60.74","60.21","8.08M","-0.48%"
"25-06-2024","60.75","60.88","60.91","60.10","3.57M","0.21%"
"24-06-2024","60.62","61.00","61.00","60.52","8.71M","-1.48%"
"21-06-2024","61.53","60.80","61.62","60.80","4.98M","0.82%"
"20-06-2024","61.03","61.28","61.28","60.74","5.88M","0.53%"
"19-06-2024","60.71","60.79","60.83","60.36","4.44M","0.63%"
"18-06-2024","60.33","60.88","60.89","60.27","8.79M","-0.45%"
"14-06-2024","60.60","60.90","60.90","60.21","5.73M","0.02%"
"13-06-2024","60.59","61.80","61.80","60.45","4.84M","0.00%"
"12-06-2024","60.59","60.57","60.80","60.52","3.88M","0.28%"
"11-06-2024","60.42","60.48","60.50","60.01","4.14M","0.48%"
"10-06-2024","60.13","60.90","60.90","59.97","14.03M","-1.57%"
"07-06-2024","61.09","61.50","62.09","60.98","7.32M","-0.59%"
"06-06-2024","61.45","61.50","61.80","61.31","5.23M","1.27%"
"05-06-2024","60.68","60.56","61.70","60.56","5.90M","0.20%"
"04-06-2024","60.56","61.39","61.39","59.76","11.34M","-0.05%"
"03-06-2024","60.59","60.80","61.02","60.36","13.34M","-1.14%"
"31-05-2024","61.29","61.00","61.35","60.71","4.16M","0.91%"
"30-05-2024","60.74","61.29","61.29","60.67","4.00M","-0.75%"
"29-05-2024","61.20","61.50","61.60","61.11","5.47M","0.13%"
"28-05-2024","61.12","61.39","61.39","60.89","4.39M","0.20%"
"27-05-2024","61.00","61.19","61.19","60.74","4.76M","0.18%"
"24-05-2024","60.89","61.00","61.09","60.70","9.67M","-1.18%"
"23-05-2024","61.62","61.99","61.99","61.32","9.07M","-1.69%"
"22-05-2024","62.68","62.90","62.90","62.51","4.50M","0.08%"
"21-05-2024","62.63","64.80","64.80","62.48","6.55M","1.08%"
"17-05-2024","61.96","62.70","62.70","61.71","4.61M","-0.06%"
"16-05-2024","62.00","62.03","62.30","61.92","3.47M","0.47%"
"15-05-2024","61.71","61.65","61.79","61.30","3.89M","0.85%"
"14-05-2024","61.19","62.70","62.70","59.90","5.40M","0.07%"
"13-05-2024","61.15","62.00","62.70","61.05","7.49M","-1.24%"
"10-05-2024","61.92","61.00","61.99","61.00","11.48M","2.48%"
"09-05-2024","60.42","60.86","60.87","60.21","2.86M","-0.13%"
"08-05-2024","60.50","60.90","60.90","60.35","4.07M","-0.30%"
"07-05-2024","60.68","60.99","60.99","60.62","4.94M","-0.07%"
"06-05-2024","60.72","60.84","60.87","60.51","6.85M","0.40%"
"03-05-2024","60.48","61.27","61.27","60.26","7.10M","-0.61%"
"02-05-2024","60.85","61.20","61.20","60.76","5.06M","-0.05%"
"30-04-2024","60.88","62.21","62.21","59.90","9.87M","-0.69%"
"29-04-2024","61.30","61.65","61.65","60.30","5.11M","-0.05%"
"26-04-2024","61.33","61.38","61.49","60.90","4.52M","0.77%"
"25-04-2024","60.86","60.80","61.09","60.51","4.88M","0.21%"
"24-04-2024","60.73","60.90","61.20","60.51","4.63M","0.80%"
"23-04-2024","60.25","62.70","62.70","60.15","12.07M","-2.41%"
"22-04-2024","61.74","62.19","62.20","60.71","8.18M","-0.80%"
"19-04-2024","62.24","62.35","62.59","61.25","6.92M","0.45%"
"18-04-2024","61.96","62.18","62.18","61.71","5.07M","0.11%"
"16-04-2024","61.89","62.39","62.39","61.76","10.57M","1.08%"
"15-04-2024","61.23","62.00","62.27","61.14","13.05M","-1.10%"
"12-04-2024","61.91","61.80","61.98","61.31","9.38M","2.13%"
"10-04-2024","60.62","62.35","62.35","60.41","5.58M","0.12%"
"09-04-2024","60.55","60.63","60.65","59.93","7.06M","0.56%"
"08-04-2024","60.21","59.92","60.70","59.92","10.36M","2.00%"
"05-04-2024","59.03","60.70","62.00","58.66","9.37M","-0.25%"
"04-04-2024","59.18","59.49","59.49","59.11","6.48M","0.70%"
"03-04-2024","58.77","59.20","59.20","58.56","9.58M","0.22%"
"02-04-2024","58.64","58.45","58.70","58.23","9.27M","0.55%"
"01-04-2024","58.32","58.30","58.55","57.61","13.49M","3.02%"
"28-03-2024","56.61","57.90","57.90","56.22","5.58M","0.69%"
"27-03-2024","56.22","56.23","56.34","56.10","4.23M","-0.14%"
"26-03-2024","56.30","56.40","56.40","55.90","6.63M","0.55%"
"22-03-2024","55.99","57.00","57.00","55.90","6.61M","-1.25%"
"21-03-2024","56.70","57.40","57.69","56.32","6.21M","1.76%"
"20-03-2024","55.72","55.90","55.90","55.61","3.90M","0.20%"
"19-03-2024","55.61","56.00","56.85","55.18","4.42M","0.20%"
"18-03-2024","55.50","55.50","55.53","55.21","4.16M","-0.41%"
"15-03-2024","55.73","55.90","55.90","55.51","4.82M","-0.20%"
"14-03-2024","55.84","56.22","56.31","55.41","6.58M","0.67%"
"13-03-2024","55.47","55.70","55.70","55.41","6.14M","-0.84%"
"12-03-2024","55.94","56.20","56.20","55.81","5.36M","-0.12%"
"11-03-2024","56.01","56.19","56.32","55.58","7.63M","1.03%"
"07-03-2024","55.44","55.00","55.50","54.90","5.55M","1.32%"
"06-03-2024","54.72","54.90","54.90","54.52","5.87M","0.18%"
"05-03-2024","54.62","54.70","54.70","54.24","6.87M","1.35%"
"04-03-2024","53.89","54.00","54.16","53.23","6.32M","0.62%"
"02-03-2024","53.56","53.53","53.59","53.37","1.85M","1.25%"
"01-03-2024","52.90","53.70","53.70","52.68","3.98M","0.23%"
"29-02-2024","52.78","54.20","54.20","52.52","2.39M","0.34%"
"28-02-2024","52.60","53.12","53.12","52.36","1.98M","-0.36%"
"27-02-2024","52.79","54.30","54.30","51.60","3.94M","0.15%"
"26-02-2024","52.71","53.06","53.12","52.48","3.09M","0.51%"
"23-02-2024","52.44","52.98","53.06","52.40","3.26M","-0.53%"
"22-02-2024","52.72","52.68","52.79","52.45","1.82M","0.15%"
"21-02-2024","52.64","52.86","53.40","52.58","1.76M","0.15%"
"20-02-2024","52.56","54.20","54.20","52.45","2.53M","-0.15%"
"19-02-2024","52.64","53.90","53.90","52.37","3.21M","0.55%"
"16-02-2024","52.35","52.50","52.50","52.20","4.52M","0.35%"
"15-02-2024","52.17","52.39","52.39","52.01","4.85M","0.13%"